Hypothesis,Estimate,Est.Error,CI.Lower,CI.Upper,Evid.Ratio,Post.Prob,Star
(edge_severity) = 0,2.394058860536954,0.8841235549955173,0.653727355147177,4.121274671587973,NA,NA,*
(edge_severity+fungicide:edge_severity) = 0,2.9430695282684542,1.2130618919723015,0.5681142886563423,5.2905354371570095,NA,NA,*
(edge_severity+focs:edge_severity) = 0,3.214698855440156,1.2472003435113923,0.7595761870968317,5.637821791309857,NA,NA,*
(edge_severity+focs:edge_severity+fungicide:edge_severity+focs:fungicide:edge_severity) = 0,4.087241249967395,1.7080320488240979,0.7253661607661942,7.40108030391265,NA,NA,*
(edge_severity+foca:edge_severity) = 0,2.953154943085992,1.2295707397889908,0.5164430333066584,5.361617527318997,NA,NA,*
(edge_severity+foca:edge_severity+fungicide:edge_severity+foca:fungicide:edge_severity) = 0,3.594222954733705,1.6753674236545661,0.3253917030265876,6.881288974610633,NA,NA,*
