Hypothesis,Estimate,Est.Error,CI.Lower,CI.Upper,Evid.Ratio,Post.Prob,Star
(edge_severity) = 0,0.12979383163093478,0.9915697254662703,-1.7953741449249705,2.067508872998544,NA,NA,
(edge_severity+fungicide:edge_severity) = 0,0.21042597803977406,1.383888754144131,-2.4900459717147365,2.8810504550145977,NA,NA,
(edge_severity+focs:edge_severity) = 0,0.18676313357384278,1.415176029087427,-2.578757447176391,2.9114782410918596,NA,NA,
(edge_severity+focs:edge_severity+fungicide:edge_severity+focs:fungicide:edge_severity) = 0,0.28922792208788933,1.9724548386759424,-3.559658752747587,4.1260776257151655,NA,NA,
(edge_severity+foca:edge_severity) = 0,0.12280792603361779,1.4142098475977818,-2.688678124578397,2.8850660951312106,NA,NA,
(edge_severity+foca:edge_severity+fungicide:edge_severity+foca:fungicide:edge_severity) = 0,0.20461378027789554,1.97073162561597,-3.6989591398316786,4.058252748314428,NA,NA,
