effect,component,group,term,estimate,std.error,conf.low,conf.high
fixed,cond,NA,(Intercept),-1.5237512419986403,1.3347254283287429,-4.151049427193091,1.4711906101286512
fixed,cond,NA,fungicide,-0.36208861399625353,0.11026595299327233,-0.5781426716415546,-0.1450712346532304
ran_pars,cond,site,sd__(Intercept),1.1005106968371072,0.7027815678764314,0.4082871690368618,2.976383644814252
ran_pars,cond,yearf,sd__(Intercept),1.3024578306507715,1.2929576711435307,0.1627332749045598,4.842322718247397
