effect,component,group,term,estimate,std.error,conf.low,conf.high
fixed,cond,NA,b0_treatmentcontrol,6.172673735729429,2.4074036452592353,2.2576247822689584,11.441908686851917
fixed,cond,NA,b0_treatmentfungicide,5.338356316997095,2.140745101400065,1.8680403115272883,10.084132635613113
fixed,cond,NA,alpha_treatmentcontrol,0.23453460073695986,0.18777591558367032,0.032452212442405114,0.665537833237781
fixed,cond,NA,alpha_treatmentfungicide,0.04592640003257324,0.056589046793477774,0.001164623733364045,0.19395458316927786
ran_pars,cond,site,sd__b0_(Intercept),11.515660720259683,7.448953034237084,3.167952881024264,30.85030047081985
ran_pars,cond,Residual,sd__Observation,20.433969680567795,3.103873519424264,15.456211741424667,27.55302659775595
