Hypothesis,Estimate,Est.Error,CI.Lower,CI.Upper,Evid.Ratio,Post.Prob,Star
(bga) = 0,0.17398309756004138,0.27450630534825626,-0.3529842952530971,0.715585212550734,NA,NA,
(bga+bga:fungicide) = 0,0.85235797116078,0.30300116722380693,0.25402645248572475,1.4498502455621844,NA,NA,*
(bga+focs:bga) = 0,-0.10528235932727883,0.30796710521963616,-0.7108958678211523,0.49772908609735184,NA,NA,
(bga+focs:bga+bga:fungicide+focs:bga:fungicide) = 0,0.5331610145669521,0.3231787964422643,-0.09697934682853203,1.1653059656360245,NA,NA,
(bga+foca:bga) = 0,0.3116006325770681,0.4664516204580848,-0.6042285206662829,1.2289720884506314,NA,NA,
(bga+foca:bga+bga:fungicide+foca:bga:fungicide) = 0,0.9429612037223387,0.5156987616172338,-0.07195398665764291,1.9547829069207656,NA,NA,
