effect,component,group,term,estimate,std.error,conf.low,conf.high
fixed,cond,NA,b0_treatmentcontrol,1.408670104964219,0.9204632525559596,0.07873849928036289,3.3902259347342274
fixed,cond,NA,b0_treatmentfungicide,1.2455748708129473,0.8616998041462661,0.05165546365905418,3.050559914054786
fixed,cond,NA,alpha_treatmentcontrol,0.02455310788224442,0.026245320382547628,7.335754501866177e-4,0.08747749110327195
fixed,cond,NA,alpha_treatmentfungicide,0.008554472270452385,0.012274369801072714,1.8637809368601035e-4,0.035656629362164294
ran_pars,cond,site,sd__b0_(Intercept),2.716313282967953,2.0664532636046813,0.6109265137088569,8.036008855185875
ran_pars,cond,Residual,sd__Observation,10.708768426342541,1.6849025045445014,8.020194567722045,14.60133118390304
