Hypothesis,Estimate,Est.Error,CI.Lower,CI.Upper,Evid.Ratio,Post.Prob,Star
(-density:focs) = 0,0.001748498357402404,0.0047778774422448,-0.0074257516407307544,0.011196928809957903,NA,NA,
(-density:focs-density:focs:fungicide) = 0,0.005620515494666112,0.004956832144830433,-0.004150802240103869,0.015389065556237721,NA,NA,
(-density:foca) = 0,0.0033033057753275763,0.006202761449897337,-0.008999879479782747,0.01548190658668555,NA,NA,
(-density:foca-density:foca:fungicide) = 0,0.006551797039773079,0.0063745112958537705,-0.005925819831152002,0.01891706937112827,NA,NA,
(0.5*(density:focs+density:focs:bgs+density:foca+density:foca:bgs)) = 0,0.017538219358251294,0.02188280449922671,-0.025592729744456144,0.06005567571179637,NA,NA,
(0.5*(density:focs+density:focs:bgs+density:focs:fungicide+density:focs:bgs:fungicide+density:foca+density:foca:bgs+density:foca:fungicide+density:foca:bgs:fungicide)) = 0,0.003665674125556684,0.02376077230520187,-0.042331705533937836,0.05063509897537049,NA,NA,
(0.5*(density:focs+density:focs:bga+density:foca+density:foca:bga)) = 0,0.03367885944212355,0.04421238234594145,-0.05439833906649681,0.11982200073307783,NA,NA,
(0.5*(density:focs+density:focs:bga+density:focs:fungicide+density:focs:bga:fungicide+density:foca+density:foca:bga+density:foca:fungicide+density:foca:bga:fungicide)) = 0,-0.0894585402788411,0.05308706059641895,-0.1937060742156775,0.014438114577658137,NA,NA,
