Hypothesis,Estimate,Est.Error,CI.Lower,CI.Upper,Evid.Ratio,Post.Prob,Star
(-density:focs) = 0,-0.0024090785038380987,0.005895729851634584,-0.013873184125178798,0.009168363034617518,NA,NA,
(-density:focs-density:focs:fungicide) = 0,-0.0011332522007407243,0.006047251620372209,-0.013006841583292511,0.01080843676248089,NA,NA,
(-density:foca) = 0,-0.0018180906988433843,0.007906507191869788,-0.01737235673960327,0.013557357894957163,NA,NA,
(-density:foca-density:foca:fungicide) = 0,-0.010254421964525062,0.008399198824363406,-0.02663592046736826,0.006200044215132032,NA,NA,
(0.5*(density:focs+density:focs:bgs+density:foca+density:foca:bgs)) = 0,-0.020130806409652924,0.02674573048792795,-0.07258167920800429,0.03277554148377953,NA,NA,
(0.5*(density:focs+density:focs:bgs+density:focs:fungicide+density:focs:bgs:fungicide+density:foca+density:foca:bgs+density:foca:fungicide+density:foca:bgs:fungicide)) = 0,0.045120097687411646,0.02922145321042374,-0.012598581674170436,0.10237540910131655,NA,NA,
(0.5*(density:focs+density:focs:bga+density:foca+density:foca:bga)) = 0,-0.05321051831951642,0.054894063414514326,-0.16026919574576004,0.05313373433343403,NA,NA,
(0.5*(density:focs+density:focs:bga+density:focs:fungicide+density:focs:bga:fungicide+density:foca+density:foca:bga+density:foca:fungicide+density:foca:bga:fungicide)) = 0,0.04351156065575534,0.058465352491224205,-0.07225053328195356,0.1575199163810388,NA,NA,
