Year,Response,Focal,Estimate,Est.Error,CI.Lower,CI.Upper
2018,tillers,Ev adult,-0.05844160585696301,0.12805136975906975,-0.3118468724593131,0.19185325803035355
2018,tillers,Ev first-year,0.28390266589092816,0.10116176406491996,0.08438884261612979,0.48116379026349737
2018,tillers,Mv,0.177743386033769,0.08844124830503516,0.004375913742748776,0.3526760533835125
2019,biomass,Ev adult,-0.013895835630113,0.18536038878986863,-0.373625077831969,0.3527584556079353
2019,biomass,Ev first-year,0.22362843639018018,0.15067430256371203,-0.0721284339774705,0.5238702686940018
2019,biomass,Mv,0.09104331730458691,0.14975428951633657,-0.20375908021192585,0.3823294317967248
