effect,component,group,term,estimate,std.error,conf.low,conf.high
fixed,cond,NA,(Intercept),1.162996601149524,0.09592351153329647,0.9746459177299445,1.3531110685186873
fixed,cond,NA,fungicide,0.10212479825087069,0.13897329310179204,-0.1712958524448754,0.373257891575069
ran_pars,cond,plotf,sd__(Intercept),0.5314667281466746,0.05983873590861401,0.42367748690993207,0.6579615250450016
