response,parameter,Estimate,Est.Error,CI.Lower,CI.Upper,Star
biomass,b0,-0.9062128454350431,4.925288848529412,-10.637171836525093,8.803059303184547,
biomass,alpha,-0.029473370296637564,0.0219656011690367,-0.07776104426593619,0.007981011262923913,
seeds,b0,-39.60553249038489,135.8511190109181,-306.9402990784226,226.20933451837067,
seeds,alpha,0.0012231801666840417,0.014136474387843103,-0.025027040515737512,0.031504749979062496,
