Hypothesis,Estimate,Est.Error,CI.Lower,CI.Upper,Evid.Ratio,Post.Prob,Star
(-bg_les_s:focs) = 0,-0.17538241783654282,0.36805987232452436,-0.8935522648550963,0.5437100696816931,NA,NA,
(-bg_les_s:focs-bg_les_s:focs:fungicide) = 0,-0.034774012983313195,0.7110791833948148,-1.4263968921705423,1.3573915015511615,NA,NA,
(-bg_les_s:foca) = 0,-0.20926100111089788,0.38436670761205244,-0.9707724481133724,0.5423290902013894,NA,NA,
(-bg_les_s:foca-bg_les_s:foca:fungicide) = 0,0.0380064188875758,0.7283258384229803,-1.386988026055515,1.4695190168580576,NA,NA,
(0.5*(bg_les_s:focs+bg_les_s:focs:bgs+bg_les_s:foca+bg_les_s:foca:bgs)) = 0,-0.08225087932504697,0.4634988205525579,-0.9957067726504691,0.8344763413213465,NA,NA,
(0.5*(bg_les_s:focs+bg_les_s:focs:bgs+bg_les_s:focs:fungicide+bg_les_s:focs:bgs:fungicide+bg_les_s:foca+bg_les_s:foca:bgs+bg_les_s:foca:fungicide+bg_les_s:foca:bgs:fungicide)) = 0,-0.5887266235185938,0.4791999338939915,-1.513456226255119,0.3388943369682398,NA,NA,
(0.5*(bg_les_s:focs+bg_les_s:focs:bga+bg_les_s:foca+bg_les_s:foca:bga)) = 0,-0.2182888659098244,0.543160394636659,-1.2886201567263347,0.8395177910665341,NA,NA,
(0.5*(bg_les_s:focs+bg_les_s:focs:bga+bg_les_s:focs:fungicide+bg_les_s:focs:bga:fungicide+bg_les_s:foca+bg_les_s:foca:bga+bg_les_s:foca:fungicide+bg_les_s:foca:bga:fungicide)) = 0,-0.3717458764158694,0.3802909509247841,-1.118382297770761,0.37466722186367807,NA,NA,
