Hypothesis,Estimate,Est.Error,CI.Lower,CI.Upper,Evid.Ratio,Post.Prob,Star
(-bg_les_s:focs) = 0,-0.16941520061260784,0.36493086691081217,-0.8912390344667975,0.5364662776109023,NA,NA,
(-bg_les_s:focs-bg_les_s:focs:fungicide) = 0,-0.023819644055461782,0.7239752378004803,-1.4503210373242477,1.4049992002623937,NA,NA,
(-bg_les_s:foca) = 0,-0.20642579511613393,0.3896253923929799,-0.9800378565303631,0.5521901830028649,NA,NA,
(-bg_les_s:foca-bg_les_s:foca:fungicide) = 0,0.04502894548832823,0.7182298261727266,-1.3699452337239466,1.440220039571797,NA,NA,
(0.5*(bg_les_s:focs+bg_les_s:focs:bgs+bg_les_s:foca+bg_les_s:foca:bgs)) = 0,-0.08347337171389296,0.46944483671518833,-1.0062382550389222,0.8473958926318378,NA,NA,
(0.5*(bg_les_s:focs+bg_les_s:focs:bgs+bg_les_s:focs:fungicide+bg_les_s:focs:bgs:fungicide+bg_les_s:foca+bg_les_s:foca:bgs+bg_les_s:foca:fungicide+bg_les_s:foca:bgs:fungicide)) = 0,-0.5855654605454764,0.487807108483058,-1.533635625756202,0.37192271383858,NA,NA,
(0.5*(bg_les_s:focs+bg_les_s:focs:bga+bg_les_s:foca+bg_les_s:foca:bga)) = 0,-0.21487407991246146,0.5468712827374411,-1.2723833678891225,0.8603714732442385,NA,NA,
(0.5*(bg_les_s:focs+bg_les_s:focs:bga+bg_les_s:focs:fungicide+bg_les_s:focs:bga:fungicide+bg_les_s:foca+bg_les_s:foca:bga+bg_les_s:foca:fungicide+bg_les_s:foca:bga:fungicide)) = 0,-0.36715179053903635,0.384946144737268,-1.1215084272268707,0.3964518338490591,NA,NA,
