year,focal,season,Estimate,Est.Error,CI.Lower,CI.Upper
2018,Mv,growing season,-2.8389974161061025,6.139657935063378,-15.012178859053439,9.142121241921776
2018,Ev seedling,growing season,0.5076227760765739,1.5716933186097108,-2.5450573278605897,3.629315193666646
2018,Ev adult,growing season,-8.801728415352093,6.201164772851021,-21.365643655075843,2.9606119004332148
2019,Mv,growing season,2.9684221678170024,6.634139975639355,-9.904920632803641,16.118293040769966
2019,Ev seedling,growing season,-4.039715522011864,3.5550519467081343,-10.973697170499976,3.2508884834988776
2019,Ev adult,growing season,12.921393524805895,8.61508771228008,-2.713798121168703,30.973069981269465
2018,Ev seedling,winter,2.5210205686237708,6.063116856754648,-8.280436622516907,15.316178235527548
2018,Ev adult,winter,0.9488240183600852,5.63498281674987,-9.21870055456351,13.096302146218722
