year,focal,season,Estimate,Est.Error,CI.Lower,CI.Upper
2018,Ev adult,growing season,-8.672317951672932,6.223041946685654,-21.39041513018334,3.1923161585780733
2018,Ev first-year,growing season,0.5488411480845192,1.5516794308307627,-2.50223832919833,3.6164499871559332
2018,Mv,growing season,-2.71055283242506,6.139867622789028,-14.476452990368015,9.330943391428605
2019,Ev adult,growing season,13.05526134005103,8.660748846158418,-2.4144015618841683,31.17348051930216
2019,Ev first-year,growing season,-3.9513532600191086,3.5731710795248848,-10.944002273671545,3.360430769684017
2019,Mv,growing season,3.000980257101943,6.508493078583352,-9.555516532332033,15.95053772406783
2018,Ev adult,winter,0.9994599796592406,5.7450981722648935,-9.185814291868532,13.337329980657895
2018,Ev first-year,winter,2.6521804992123257,6.072744249542254,-8.188869492103935,15.408117408714496
