Year,Season,Focal,Estimate,Est.Error,CI.Lower,CI.Upper
2018,growing season,Ev adult,1.0900732497157395,1.6088249478491485,-1.833513075417832,4.534199810646365
2018,growing season,Ev first-year,-0.008162979716201939,0.5066033207123823,-1.002510411180044,0.9797696342047809
2018,growing season,Mv,-0.838253771961351,0.6704497317707904,-2.174447471433146,0.4529095220450768
2019,growing season,Ev adult,0.05795178133121864,1.0044854231453066,-1.911546970787995,2.0960853651921183
2019,growing season,Ev first-year,2.902679668481243,1.3815874781813808,0.7414948929014602,6.046229810740158
2019,growing season,Mv,5.369833954016877,3.5718344813220275,0.046312108124511205,13.612424337614936
2018-2019,winter,Ev adult,0.41713327019898816,1.1176659811628549,-1.7337022914260778,2.737084690755613
2018-2019,winter,Ev first-year,0.38531793898496547,0.659123500392629,-0.8194194795529397,1.8263720631430147
